"","LATITUDE","LONGITUDE","DATE..yyyy.mm.dd.","DEPTH..m.","N2","SatelliteBin","Temp","Salinity"
"1",27.17,-64.86,"05/05/2008",5,0.4763,1,NA,NA
"2",27.17,-64.86,"05/05/2008",80,0.20215,1,NA,NA
"3",27.17,-64.86,"05/05/2008",120,0.0626,1,NA,NA
"4",27.17,-64.86,"05/05/2008",160,0.058,1,NA,NA
"5",27.17,-64.86,"05/05/2008",200,0.1614,1,NA,NA
"6",28.56,-64.63,"04/05/2008",105,0.1158,1,NA,NA
"7",28.56,-64.63,"04/05/2008",150,0.211,1,NA,NA
"8",28.56,-64.63,"04/05/2008",300,0.0323,1,NA,NA
"9",30.16,-64.4,"04/05/2008",5,0.33155,1,NA,NA
"10",30.16,-64.4,"04/05/2008",40,0.2542,1,NA,NA
"11",30.16,-64.4,"04/05/2008",80,0.1571,1,NA,NA
"12",30.16,-64.4,"04/05/2008",120,0.1904,1,NA,NA
"13",30.16,-64.4,"04/05/2008",200,0.0867,1,NA,NA
"14",31.63,-64.17,"03/05/2008",5,0.21355,1,NA,NA
"15",31.63,-64.17,"03/05/2008",40,0.33985,1,NA,NA
"16",31.63,-64.17,"03/05/2008",60,0.30085,1,NA,NA
"17",31.63,-64.17,"03/05/2008",80,0.31845,1,NA,NA
"18",31.63,-64.17,"03/05/2008",100,0.15625,1,NA,NA
"19",31.66,-64.16,"24/05/2008",5,0.06985,2,NA,NA
"20",31.66,-64.16,"24/05/2008",40,0.1984,2,NA,NA
"21",31.66,-64.16,"24/05/2008",65,0.14165,2,NA,NA
"22",31.66,-64.16,"24/05/2008",90,0.09425,2,NA,NA
"23",31.66,-64.16,"24/05/2008",140,0.09685,2,NA,NA
"24",33.33,-78.58,"15/08/2016",2,24.8876,11,28.7,NA
"25",33.33,-78.58,"15/08/2016",18,22.0292,11,25.2,NA
"26",33.34,-77.53,"15/08/2016",2,12.4712,11,29.4,NA
"27",33.34,-77.53,"15/08/2016",16,12.7287,11,28.2,NA
"28",33.34,-77.53,"15/08/2016",24,9.7285,11,23,NA
"29",33.34,-76.51,"15/08/2016",1,29.8971,11,30.1,NA
"30",33.34,-76.51,"15/08/2016",98,4.7984,11,26.7,NA
"31",33.34,-76.51,"15/08/2016",149,3.6076,11,23.7,NA
"32",33.34,-75.62,"15/08/2016",3,3.1575,11,29.9,NA
"33",33.34,-75.62,"15/08/2016",92,1.9889,11,25.4,NA
"34",33.35,-77.01,"15/08/2016",2,27.9913,11,30.3,NA
"35",33.35,-77.01,"15/08/2016",83,2.3353,11,25.6,NA
"36",33.35,-77.01,"15/08/2016",150,0.7696,11,14.8,NA
"37",33.35,-76.11,"15/08/2016",2,8.1336,11,29.7,NA
"38",33.35,-76.11,"15/08/2016",51,6.016,11,28.9,NA
"39",33.35,-76.11,"15/08/2016",121,5.6139,11,26.1,NA
"40",33.35,-76.11,"15/08/2016",179,0.4412,11,21.2,NA
"41",33.35,-76.11,"15/08/2016",398,NA,11,17.3,NA
"42",33.35,-76.11,"15/08/2016",717,NA,11,8.6,NA
"43",33.49276667,-68.9979,"23/07/2022",5,7.58720334833333,14,NA,NA
"44",33.49276667,-68.9979,"23/07/2022",25,9.61752453133333,14,NA,NA
"45",33.49276667,-68.9979,"23/07/2022",75,29.2466345566667,14,NA,NA
"46",34.01,-77.37,"15/08/2016",2,11.7066,11,29.9,NA
"47",34.01,-77.37,"15/08/2016",18,8.4203,11,29,NA
"48",34.01,-77.37,"15/08/2016",23,12.4512,11,25.9,NA
"49",34.01,-76.24,"15/08/2016",2,12.3036,11,29.8,NA
"50",34.01,-76.24,"15/08/2016",54,0.8672,11,24.6,NA
"51",34.01,-75.33,"15/08/2016",2,3.8394,11,29.7,NA
"52",34.01,-75.33,"15/08/2016",103,NA,11,26.6,NA
"53",34.03,-75.83,"15/08/2016",3,19.9119,11,30.2,NA
"54",34.03,-75.83,"15/08/2016",115,3.2881,11,26.5,NA
"55",34.03,-75.83,"15/08/2016",299,0.7767,11,14.6,NA
"56",34.19,-64.49,"29/07/2017",5,3.8019,12,NA,NA
"57",34.54,-76.4,"15/08/2016",2,NA,11,29.5,NA
"58",34.54,-76.4,"15/08/2016",9,12.8452,11,28.3,NA
"59",34.54,-76.4,"15/08/2016",18,17.6858,11,22.4,NA
"60",34.54,-76.4,"15/08/2016",119,3.2046,11,25.8,NA
"61",34.54,-76.4,"15/08/2016",223,1.5004,11,20.1,NA
"62",34.54,-76.4,"15/08/2016",301,0.273,11,13.9,NA
"63",34.54,-76.4,"15/08/2016",473,0.4136,11,8.5,NA
"64",34.54,-74.54,"15/08/2016",2,9.358,11,30,NA
"65",34.54,-74.54,"15/08/2016",81,4.4051,11,26.1,NA
"66",34.54,-74.54,"15/08/2016",106,2.3473,11,23.7,NA
"67",34.84,-68.02,"06/08/2017",5,5.0119,12,NA,NA
"68",35.04,-73.92,"15/08/2016",3,19.4349,11,29.7,NA
"69",35.04,-73.92,"15/08/2016",66,8.9805,11,27.6,NA
"70",35.04,-73.92,"15/08/2016",94,13.0734,11,26.3,NA
"71",35.04,-73.92,"15/08/2016",209,1.7717,11,21.5,NA
"72",35.04,-73.92,"15/08/2016",332,0.8057,11,19.2,NA
"73",35.05,-75.68,"15/08/2016",2,9.3407,11,28.6,NA
"74",35.05,-75.68,"15/08/2016",15,24.4723,11,26.2,NA
"75",35.05,-75.68,"15/08/2016",23,16.7531,11,25.6,NA
"76",35.05,-74.85,"15/08/2016",2,28.3723,11,30.2,NA
"77",35.05,-74.85,"15/08/2016",30,10.5618,11,29.8,NA
"78",35.05,-74.85,"15/08/2016",100,17.0824,11,26.3,NA
"79",35.05,-74.85,"15/08/2016",189,0.6176,11,20.6,NA
"80",35.10053333,-70.99585,"23/07/2022",5,23.9937935433333,14,NA,NA
"81",35.10053333,-70.99585,"23/07/2022",25,28.01945719,14,NA,NA
"82",35.10053333,-70.99585,"23/07/2022",75,26.2890510333333,14,NA,NA
"83",35.10053333,-70.99585,"23/07/2022",100,24.2825477366667,14,NA,NA
"84",35.17063694,-71.25546483,"28/07/2022",5,22.34487777,14,NA,NA
"85",35.28,-64.26,"30/07/2017",5,5.4954,12,NA,NA
"86",35.47690806,-71.21704939,"28/07/2022",5,39.70580248,14,NA,NA
"87",35.56504486,-71.55418272,"28/07/2022",5,46.69921759,14,NA,NA
"88",35.5872,-71.72998333,"24/07/2022",5,26.2303630033333,14,NA,NA
"89",35.5872,-71.72998333,"24/07/2022",25,18.3183412473333,14,NA,NA
"90",35.5872,-71.72998333,"24/07/2022",75,3.2196463835,14,NA,NA
"91",35.5872,-71.72998333,"24/07/2022",100,0.128390771,14,NA,NA
"92",35.66,-73.37,"15/08/2016",2,50.7798,11,29.4,NA
"93",35.66,-73.37,"15/08/2016",69,13.9314,11,28.4,NA
"94",35.66,-73.37,"15/08/2016",104,7.3807,11,26.6,NA
"95",35.67,-75.37,"15/08/2016",1,183.9255,11,27,NA
"96",35.67,-75.37,"15/08/2016",7,217.4966,11,25.6,NA
"97",35.67,-75.37,"15/08/2016",14,233.4184,11,18.8,NA
"98",35.67,-75.37,"15/08/2016",24,173.5706,11,17.4,NA
"99",35.71,-74.34,"15/08/2016",2,54.4163,11,30.2,NA
"100",35.71,-74.34,"15/08/2016",50,568.1515,11,29.1,NA
"101",35.71,-74.34,"15/08/2016",102,258.1949,11,25.9,NA
"102",35.75,-75.4,"17/08/2009",6,5.34,3,24.1,NA
"103",35.75,-75.4,"21/08/2009",2,5.0765,3,NA,NA
"104",35.75,-75.4,"21/08/2009",6,2.4169,3,NA,NA
"105",35.75,-75.4,"21/08/2009",13,1.1423,3,NA,NA
"106",35.96363972,-71.76801342,"27/07/2022",5,16.789744955,14,NA,NA
"107",35.99,-75.52,"08/08/2012",6,1.09,10,23.6,NA
"108",36,-74.92,"08/08/2012",6,4.77,10,27.4,NA
"109",36.07,-74.96,"05/06/2010",6,3.76,6,19.1,NA
"110",36.1001595,-72.10874103,"27/07/2022",5,4.198349769,14,NA,NA
"111",36.10768333,-72.1438,"24/07/2022",5,18.8962997833333,14,NA,NA
"112",36.10768333,-72.1438,"24/07/2022",25,18.90594268,14,NA,NA
"113",36.10768333,-72.1438,"24/07/2022",75,3.528216776,14,NA,NA
"114",36.10768333,-72.1438,"24/07/2022",100,1.3329571825,14,NA,NA
"115",36.19,-75.15,"03/06/2011",6,45.4,9,23.5,NA
"116",36.21,-71.7,"05/08/2017",5,6.166,12,NA,NA
"117",36.23,-63.93,"30/07/2017",5,7.5858,12,NA,NA
"118",36.33,-75.64,"15/08/2016",2,269.2799,11,26.7,NA
"119",36.33,-75.64,"15/08/2016",8,400.366,11,19.2,NA
"120",36.33,-75.64,"15/08/2016",19,619.2896,11,14.8,NA
"121",36.33,-74.97,"15/08/2016",2,54.0245,11,26.9,NA
"122",36.33,-74.97,"15/08/2016",10,318.695,11,26.5,NA
"123",36.33,-74.97,"15/08/2016",26,56.3205,11,12.2,NA
"124",36.33,-74.97,"15/08/2016",31,38.986,11,12.2,NA
"125",36.33247492,-72.24027939,"27/07/2022",5,11.92891176,14,NA,NA
"126",36.35,-74.2,"15/08/2016",2,157.5619,11,28.7,NA
"127",36.35,-74.2,"15/08/2016",16,423.3846,11,28.3,NA
"128",36.35,-74.2,"15/08/2016",38,245.7476,11,25.9,NA
"129",36.36,-73.73,"15/08/2016",2,7.1365,11,29.5,NA
"130",36.36,-73.73,"15/08/2016",84,2.107,11,26,NA
"131",36.36,-73.73,"15/08/2016",179,NA,11,17.6,NA
"132",36.45,-75.79,"03/06/2011",6,13.4,9,21.2,NA
"133",36.47,-75.78,"06/11/2009",3,1.7408,4,NA,NA
"134",36.47,-75.78,"06/11/2009",15,1.8698,4,NA,NA
"135",36.48,-75.79,"03/11/2009",6,1.94,4,15.8,NA
"136",36.48,-75.63,"06/06/2010",6,17.9,6,19.1,NA
"137",36.48,-75.08,"10/11/2010",6,2.58,8,NA,NA
"138",36.52,-75.85,"07/11/2009",3,0.5485,4,NA,NA
"139",36.52,-75.85,"07/11/2009",39,0.7137,4,NA,NA
"140",36.52,-74.85,"03/11/2009",6,0.51,4,15.6,NA
"141",36.5233065,-72.39205086,"27/07/2022",5,11.76970506,14,NA,NA
"142",36.53,-75.24,"08/08/2012",6,3.64,10,26.9,NA
"143",36.532,-75.273,"01/07/2007",2,17.3,13,24.7,NA
"144",36.532,-75.273,"01/07/2007",36,3.2,13,13.5,NA
"145",36.55,-75.71,"17/08/2009",6,27.9,3,26.8,NA
"146",36.55,-75.71,"21/08/2009",2,24.552,3,NA,NA
"147",36.55,-75.71,"21/08/2009",7,9.6423,3,NA,NA
"148",36.601,-75.058,"01/07/2007",2,11.7,13,23.4,NA
"149",36.601,-75.058,"01/07/2007",25,4.2,13,13.4,NA
"150",36.627,-75.863,"01/07/2007",2,10.8,13,23.9,NA
"151",36.627,-75.863,"01/07/2007",42,1.7,13,14,NA
"152",36.64246092,-72.71481664,"27/07/2022",5,29.52761463,14,NA,NA
"153",36.671,-75.766,"01/07/2007",2,35.1,13,23.5,NA
"154",36.671,-75.766,"01/07/2007",18,2.2,13,13.4,NA
"155",36.686,-74.683,"01/07/2007",2,19.3,13,23.4,NA
"156",36.686,-74.683,"01/07/2007",100,1,13,16.5,NA
"157",36.77,-75.91,"07/06/2010",6,3.43,6,19.2,NA
"158",36.803,-75.857,"01/07/2007",2,30.9,13,25.5,NA
"159",36.803,-75.857,"01/07/2007",14,3.5,13,16.6,NA
"160",36.81,-75.37,"04/06/2010",6,16.8,6,18.1,NA
"161",36.81,-75.37,"08/08/2012",6,6.73,10,25.3,NA
"162",36.87192333,-72.99080419,"27/07/2022",5,10.41328049,14,NA,NA
"163",36.885,-75.719,"01/07/2007",2,39,13,23.9,NA
"164",36.885,-75.719,"01/07/2007",18,8.8,13,21.9,NA
"165",36.88891667,-73.0027,"25/07/2022",5,21.7173427896667,14,NA,NA
"166",36.88891667,-73.0027,"25/07/2022",25,21.4096469166667,14,NA,NA
"167",36.88891667,-73.0027,"25/07/2022",75,15.9166961333333,14,NA,NA
"168",36.88891667,-73.0027,"25/07/2022",100,4.36315359466667,14,NA,NA
"169",36.9,-75.908,"01/07/2007",2,24.5,13,25.2,NA
"170",36.9,-75.908,"01/07/2007",15,4.3,13,17.6,NA
"171",36.9,-74.94,"03/06/2011",6,14.3,9,22.9,NA
"172",36.93,-75.88,"15/08/2016",2,0,11,26.3,NA
"173",36.93,-75.88,"15/08/2016",7,3.0348,11,24.1,NA
"174",36.93,-75.88,"15/08/2016",10,0,11,23.8,NA
"175",36.94,-74.7,"15/08/2016",1,2.7346,11,26.9,NA
"176",36.94,-74.7,"15/08/2016",15,4.2245,11,17.6,NA
"177",36.94,-74.7,"15/08/2016",26,0,11,11.7,NA
"178",36.95,-75.18,"17/08/2009",6,0.38,3,26.7,NA
"179",36.95,-75.18,"20/08/2009",3,1.2669,3,NA,NA
"180",36.95,-75.18,"20/08/2009",7,1.0705,3,NA,NA
"181",36.95,-75.18,"20/08/2009",25,0.5147,3,NA,NA
"182",36.95,-73.8,"15/08/2016",2,18.2779,11,29,NA
"183",36.95,-73.8,"15/08/2016",33,0.5435,11,26.8,NA
"184",36.95,-73.8,"15/08/2016",215,0.1265,11,11.9,NA
"185",36.972,-76.019,"01/07/2007",2,22.5,13,22,NA
"186",36.972,-76.019,"01/07/2007",13,5,13,17.8,NA
"187",37.09,-75.68,"08/02/2010",3,6.2399,5,NA,NA
"188",37.09,-75.68,"08/02/2010",11,7.6213,5,NA,NA
"189",37.09,-75.68,"09/02/2010",6,6.15,5,3.4,NA
"190",37.09332194,-73.25343897,"27/07/2022",5,33.97854961,14,NA,NA
"191",37.15,-75.5,"08/06/2010",6,1.26,6,18,NA
"192",37.16,-74.97,"20/08/2009",25,2.2506,3,NA,NA
"193",37.22,-75.24,"03/06/2011",6,8.06,9,22.4,NA
"194",37.22,-75.08,"03/11/2009",6,3.64,4,15.6,NA
"195",37.22,-75.08,"07/11/2009",2,2.2512,4,NA,NA
"196",37.22,-75.08,"07/11/2009",29,1.859,4,NA,NA
"197",37.32267031,-73.51617017,"27/07/2022",5,36.88946762,14,NA,NA
"198",37.34,-74.6,"03/06/2010",6,17.2,6,15.1,NA
"199",37.34568333,-73.54693333,"26/07/2022",5,35.6811893233333,14,NA,NA
"200",37.34568333,-73.54693333,"26/07/2022",25,47.4641859633333,14,NA,NA
"201",37.34568333,-73.54693333,"26/07/2022",75,0.239709734333333,14,NA,NA
"202",37.34568333,-73.54693333,"26/07/2022",100,0.175132192333333,14,NA,NA
"203",37.4,-75.57,"03/06/2011",6,9.85,9,22.2,NA
"204",37.43,-75.48,"17/08/2009",6,65.3,3,26.1,NA
"205",37.43,-75.48,"21/08/2009",3,33.0311,3,NA,NA
"206",37.43,-75.48,"21/08/2009",6,63.8048,3,NA,NA
"207",37.43,-75.48,"21/08/2009",10,8.2073,3,NA,NA
"208",37.44,-75.45,"03/11/2009",6,4.83,4,15.7,NA
"209",37.44,-75.45,"06/11/2009",3,3.5795,4,NA,NA
"210",37.44,-75.45,"06/11/2009",17,4.3869,4,NA,NA
"211",37.46,-75.1,"08/08/2012",6,1.41,10,26.8,NA
"212",37.51,-74.48,"03/11/2009",6,1.07,4,15.4,NA
"213",37.51,-74.48,"07/11/2009",3,0.9933,4,NA,NA
"214",37.51,-74.48,"07/11/2009",37,0.2187,4,NA,NA
"215",37.519,-75.05,"01/07/2007",2,12.9,13,24.1,NA
"216",37.519,-75.05,"01/07/2007",29,1.4,13,12.5,NA
"217",37.52,-74.97,"17/08/2009",6,2.1,3,27,NA
"218",37.59,-74.17,"09/11/2010",6,0.95,8,NA,NA
"219",37.61,-74.29,"04/02/2010",4,0.0111,5,NA,NA
"220",37.61,-74.29,"04/02/2010",135,0.0051,5,NA,NA
"221",37.61,-74.29,"08/02/2010",6,NA,5,10.6,NA
"222",37.631,-75.152,"01/07/2007",2,2,13,22.8,NA
"223",37.631,-75.152,"01/07/2007",24,2.1,13,12.3,NA
"224",37.66,-74.78,"15/08/2016",2,0,11,26.9,NA
"225",37.66,-74.78,"15/08/2016",9,0,11,26.9,NA
"226",37.66,-74.78,"15/08/2016",20,0,11,14,NA
"227",37.66,-74.78,"15/08/2016",24,0,11,11.3,NA
"228",37.66,-74,"15/08/2016",1,5.551,11,26.8,NA
"229",37.66,-74,"15/08/2016",35,0,11,15,NA
"230",37.66,-74,"15/08/2016",49,0,11,13.7,NA
"231",37.67,-75.54,"15/08/2016",2,1.2461,11,26.4,NA
"232",37.67,-75.54,"15/08/2016",7,0,11,26.2,NA
"233",37.67,-75.54,"15/08/2016",9,0,11,25.1,NA
"234",37.695,-75.298,"01/07/2007",2,3.7,13,21,NA
"235",37.695,-75.298,"01/07/2007",21,4.1,13,13,NA
"236",37.77,-75.22,"08/02/2010",4,1.036,5,NA,NA
"237",37.77,-75.22,"08/02/2010",15,1.1135,5,NA,NA
"238",37.77,-75.22,"10/02/2010",6,1.34,5,3.1,NA
"239",37.81,-74.91,"03/11/2009",6,NA,4,15.7,NA
"240",37.81,-74.91,"06/11/2009",4,1.3885,4,NA,NA
"241",37.81,-74.91,"06/11/2009",25,0.9925,4,NA,NA
"242",37.82,-75.14,"09/06/2010",6,NA,6,18.9,NA
"243",37.84,-74.58,"08/08/2012",6,9.02,10,26.7,NA
"244",37.86,-74.64,"17/08/2009",6,8.59,3,26.4,NA
"245",37.86,-74.64,"20/08/2009",2,8.6781,3,NA,NA
"246",37.86,-74.64,"20/08/2009",6,5.7753,3,NA,NA
"247",37.86,-74.64,"20/08/2009",29,1.7388,3,NA,NA
"248",38.042,-74.299,"01/07/2007",2,23.3,13,23.5,NA
"249",38.042,-74.299,"01/07/2007",48,2.6,13,17.8,NA
"250",38.06,-73.85,"03/06/2011",6,67.4,9,21.3,NA
"251",38.07,-74.66,"08/11/2010",6,0.87,8,NA,NA
"252",38.122,-74.384,"01/07/2007",2,3.8,13,22.9,NA
"253",38.122,-74.384,"01/07/2007",40,3.8,13,11,NA
"254",38.15,-74.73,"03/06/2011",6,20.1,9,21.3,NA
"255",38.27,-74.21,"07/02/2010",6,4.05,5,8.6,NA
"256",38.27,-74.2,"04/02/2010",4,3.0639,5,NA,NA
"257",38.27,-74.2,"04/02/2010",51,1.5954,5,NA,NA
"258",38.28,-63.74,"31/07/2017",5,15.1356,12,NA,NA
"259",38.33,-74.62,"08/08/2012",6,5.39,10,24.2,NA
"260",38.44,-74.45,"02/06/2010",6,5.56,6,15.7,NA
"261",38.46,-73.3,"17/08/2009",6,11.3,3,25.6,NA
"262",38.46,-73.3,"19/08/2009",2,4.387,3,NA,NA
"263",38.46,-73.3,"19/08/2009",6,11.6896,3,NA,NA
"264",38.46,-73.3,"19/08/2009",39,18.0595,3,NA,NA
"265",38.49,-73.4,"03/06/2011",6,112,9,20.7,NA
"266",38.52,-73.69,"01/06/2010",6,NA,6,14.5,NA
"267",38.52,-73.23,"03/11/2009",6,NA,4,17.4,NA
"268",38.52,-73.23,"08/11/2009",3,0.0887,4,NA,NA
"269",38.52,-73.23,"08/11/2009",62,0.0374,4,NA,NA
"270",38.52,-73.23,"08/11/2009",75,0.0446,4,NA,NA
"271",38.53,-73.25,"04/02/2010",0,0.4631,5,NA,NA
"272",38.53,-73.25,"06/02/2010",6,0.54,5,9,NA
"273",38.72,-73.18,"08/08/2012",6,4.72,10,25.8,NA
"274",38.73,-74.49,"04/08/2017",5,28.1838,12,NA,NA
"275",38.82,-74.74,"08/08/2012",6,1.71,10,21.2,NA
"276",38.89,-73.33,"03/11/2009",6,NA,4,14.5,NA
"277",38.89,-73.32,"08/11/2009",2,1.3225,4,NA,NA
"278",38.89,-73.32,"08/11/2009",32,0.03,4,NA,NA
"279",38.92,-73.9,"03/06/2011",6,1.88,9,19.6,NA
"280",39.01,-74.52,"17/08/2009",6,1.5,3,23.3,NA
"281",39.02,-74.26,"10/06/2010",6,9.59,6,15.8,NA
"282",39.06,-74.12,"09/02/2010",3,0.4473,5,NA,NA
"283",39.06,-74.12,"09/02/2010",32,0.5915,5,NA,NA
"284",39.06,-74.12,"11/02/2010",6,0.48,5,5.1,NA
"285",39.06,-73.32,"31/05/2010",6,4.29,6,14.8,NA
"286",39.06,-64.12,"31/07/2017",5,10.4713,12,NA,NA
"287",39.07,-74.52,"22/08/2009",2,2.0202,3,NA,NA
"288",39.07,-74.52,"22/08/2009",6,2.2191,3,NA,NA
"289",39.07,-74.52,"22/08/2009",12,1.5487,3,NA,NA
"290",39.09,-72.85,"08/08/2012",6,20.9,10,26.4,NA
"291",39.1,-73.34,"17/08/2009",6,22.6,3,25.6,NA
"292",39.1,-73.34,"19/08/2009",3,21.9757,3,NA,NA
"293",39.1,-73.34,"19/08/2009",5,20.417,3,NA,NA
"294",39.1,-73.34,"19/08/2009",24,1.4912,3,NA,NA
"295",39.1,-73.34,"19/08/2009",30,1.2583,3,NA,NA
"296",39.15,-74.28,"03/11/2009",6,0.94,4,15.2,NA
"297",39.15,-74.28,"05/11/2009",3,0.9022,4,NA,NA
"298",39.15,-74.28,"05/11/2009",17,0.7129,4,NA,NA
"299",39.18,-72.79,"03/11/2009",6,0.55,4,14.3,NA
"300",39.18,-72.79,"05/11/2009",3,0.1592,4,NA,NA
"301",39.18,-72.79,"05/11/2009",25,0,4,NA,NA
"302",39.18,-72.79,"05/11/2009",30,0.0823,4,NA,NA
"303",39.22,-73.95,"03/08/2017",5,301.9952,12,NA,NA
"304",39.23,-74.51,"17/08/2009",6,4.43,3,22.3,NA
"305",39.23,-73.28,"03/06/2011",6,89.3,9,19.2,NA
"306",39.36,-73.85,"08/08/2012",6,1.34,10,26.5,NA
"307",39.36,-73.8,"03/11/2009",6,NA,4,14.9,NA
"308",39.36,-73.8,"08/11/2009",3,0.2678,4,NA,NA
"309",39.36,-73.8,"08/11/2009",32,0.262,4,NA,NA
"310",39.41,-73.35,"03/11/2009",6,NA,4,14.8,NA
"311",39.41,-73.35,"05/11/2009",2,0.1421,4,NA,NA
"312",39.41,-73.35,"05/11/2009",25,0.5929,4,NA,NA
"313",39.44,-74.08,"08/08/2012",6,4.66,10,23.9,NA
"314",39.45,-72.64,"03/02/2010",4,0.5662,5,NA,NA
"315",39.45,-72.64,"03/02/2010",91,2.7465,5,NA,NA
"316",39.45,-72.64,"04/02/2010",6,NA,5,9,NA
"317",39.5,-74.12,"11/06/2010",6,6.67,7,16.5,NA
"318",39.52,-74.12,"03/06/2011",6,26.3,9,17.6,NA
"319",39.52,-73.88,"17/08/2009",6,1.98,3,26.2,NA
"320",39.52,-73.88,"22/08/2009",2,2.9484,3,NA,NA
"321",39.52,-73.88,"22/08/2009",19,1.7048,3,NA,NA
"322",39.56,-74.05,"09/02/2010",3,3.5072,5,NA,NA
"323",39.56,-74.05,"09/02/2010",20,2.6345,5,NA,NA
"324",39.56,-74.05,"12/02/2010",6,2.04,5,2.4,NA
"325",39.65,-73.15,"03/02/2010",3,1.2721,5,NA,NA
"326",39.65,-73.15,"03/02/2010",30,1.9264,5,NA,NA
"327",39.65,-73.15,"05/02/2010",6,1.29,5,7.3,NA
"328",39.69,-73.97,"12/06/2010",6,5.41,7,16.5,NA
"329",39.69,-72.46,"07/11/2010",6,2.62,8,14.3,NA
"330",39.73,-72.54,"30/05/2010",6,0.32,6,12.9,NA
"331",39.73,-72.49,"03/06/2011",6,91,9,16.3,NA
"332",39.73,-72.05,"03/02/2010",3,0.1121,5,NA,NA
"333",39.73,-72.05,"03/02/2010",6,NA,5,7.4,NA
"334",39.73,-72.05,"03/02/2010",71,0.0673,5,NA,NA
"335",39.92,-73.28,"08/08/2012",6,29.5,10,25.8,NA
"336",39.93,-69.51,"08/08/2012",6,3.14,10,23.7,NA
"337",39.98,-73.89,"06/11/2010",6,NA,8,14.4,NA
"338",40.02,-72.17,"03/11/2009",6,3.77,4,13.6,NA
"339",40.02,-72.17,"04/11/2009",3,3.5061,4,NA,NA
"340",40.02,-72.17,"04/11/2009",13,1.2596,4,NA,NA
"341",40.02,-72.17,"04/11/2009",20,0.3658,4,NA,NA
"342",40.03,-72.22,"29/05/2010",6,1.14,6,13.1,NA
"343",40.03,-70.15,"13/11/2010",6,82.1,8,NA,NA
"344",40.05,-71.27,"03/11/2009",6,4.51,4,14.8,NA
"345",40.05,-71.27,"04/11/2009",3,3.5169,4,NA,NA
"346",40.05,-71.27,"04/11/2009",20,1.7954,4,NA,NA
"347",40.05,-70.6,"08/08/2012",6,22.9,10,24.6,NA
"348",40.06,-73.39,"17/08/2009",6,1.33,3,25.2,NA
"349",40.06,-72.84,"17/08/2009",6,2.04,3,24.8,NA
"350",40.06,-72.84,"18/08/2009",3,1.9725,3,NA,NA
"351",40.06,-72.84,"18/08/2009",5,2.326,3,NA,NA
"352",40.06,-72.84,"18/08/2009",31,0.7524,3,NA,NA
"353",40.06,-72.84,"18/08/2009",35,1.2587,3,NA,NA
"354",40.11,-71.61,"03/08/2017",5,100,12,NA,NA
"355",40.14,-71.08,"03/06/2011",6,130,9,17,NA
"356",40.15,-69.93,"03/06/2011",6,3.47,9,14.6,NA
"357",40.15,-69.12,"18/06/2010",6,NA,7,12.5,NA
"358",40.16,-69.99,"17/08/2009",6,4.44,3,23.1,NA
"359",40.17,-71.32,"03/08/2017",5,41.6869,12,NA,NA
"360",40.18,-73.19,"09/02/2010",3,1.0738,5,NA,NA
"361",40.18,-73.19,"09/02/2010",39,0.9206,5,NA,NA
"362",40.18,-73.19,"13/02/2010",6,1.29,5,4.8,NA
"363",40.2,-70.85,"17/08/2009",6,15.9,3,23.5,NA
"364",40.28,-68.17,"17/11/2010",6,5.57,8,19.7,NA
"365",40.3,-71.81,"17/08/2009",6,13.5,3,22.7,NA
"366",40.3,-71.81,"18/08/2009",2,11.1281,3,NA,NA
"367",40.3,-71.81,"18/08/2009",5,4.2235,3,NA,NA
"368",40.3,-71.81,"18/08/2009",31,1.6591,3,NA,NA
"369",40.3,-71.81,"18/08/2009",70,1.1292,3,NA,NA
"370",40.32,-69.83,"08/08/2012",6,99.9,10,23.1,NA
"371",40.33,-73.74,"03/06/2011",6,2.48,9,17.7,NA
"372",40.33,-71.74,"23/08/2009",3,8.508,3,NA,NA
"373",40.33,-71.74,"23/08/2009",6,8.6646,3,NA,NA
"374",40.33,-71.74,"23/08/2009",26,0.9935,3,NA,NA
"375",40.35,-72.56,"03/06/2011",6,2.56,9,15.7,NA
"376",40.35,-70.22,"16/06/2010",6,NA,7,12.8,NA
"377",40.36,-71.92,"28/05/2010",6,0.11,6,13.3,NA
"378",40.36,-69.99,"14/11/2010",6,12.8,8,NA,NA
"379",40.37,-71.67,"08/08/2012",6,21.4,10,24.1,NA
"380",40.41,-67.58,"03/11/2009",6,NA,4,24.1,NA
"381",40.41,-67.58,"11/11/2009",5,0.0071,4,NA,NA
"382",40.41,-67.58,"11/11/2009",40,0.0541,4,NA,NA
"383",40.41,-67.58,"11/11/2009",81,0.0702,4,NA,NA
"384",40.45,-73.48,"13/06/2010",6,4.35,7,16,NA
"385",40.48,-71.79,"03/06/2011",6,22.6,9,15.5,NA
"386",40.5,-71.16,"15/06/2010",6,NA,7,14.5,NA
"387",40.53,-71.36,"08/08/2012",6,74.1,10,24.1,NA
"388",40.54,-71.76,"11/11/2010",6,6.86,8,NA,NA
"389",40.58,-73.2,"08/08/2012",6,6.47,10,21.6,NA
"390",40.6,-67.44,"17/11/2010",6,8.07,8,17.5,NA
"391",40.61,-71.78,"08/08/2012",6,78.3,10,24.4,NA
"392",40.61,-68.53,"17/08/2009",6,2.3,3,18.8,NA
"393",40.61,-68.53,"24/08/2009",3,2.8814,3,NA,NA
"394",40.61,-68.53,"24/08/2009",14,3.6674,3,NA,NA
"395",40.61,-68.53,"24/08/2009",22,3.8401,3,NA,NA
"396",40.62,-68.77,"17/06/2010",6,NA,7,10.4,NA
"397",40.63,-73.39,"22/08/2009",3,1.6329,3,NA,NA
"398",40.63,-73.39,"22/08/2009",6,1.823,3,NA,NA
"399",40.63,-73.39,"22/08/2009",25,1.8891,3,NA,NA
"400",40.63,-67.94,"08/08/2012",6,0.22,10,23,NA
"401",40.64,-71.61,"09/11/2009",3,2.8289,4,NA,NA
"402",40.64,-71.61,"09/11/2009",53,0.4711,4,NA,NA
"403",40.64,-69.91,"17/08/2009",6,20.6,3,22.6,NA
"404",40.64,-69.91,"24/08/2009",2,19.967,3,NA,NA
"405",40.64,-69.91,"24/08/2009",18,29.6055,3,NA,NA
"406",40.64,-69.91,"24/08/2009",23,4.4047,3,NA,NA
"407",40.64,-69.41,"10/11/2009",5,1.0382,4,NA,NA
"408",40.64,-69.41,"10/11/2009",10,0.3329,4,NA,NA
"409",40.64,-69.41,"10/11/2009",20,0,4,NA,NA
"410",40.64,-69.11,"08/08/2012",6,1.07,10,22.2,NA
"411",40.64,-68.84,"03/06/2011",6,NA,9,13.1,NA
"412",40.64,-68.31,"03/06/2011",6,3.46,9,13.7,NA
"413",40.65,-71.61,"03/11/2009",6,NA,4,13.3,NA
"414",40.65,-69.41,"03/11/2009",6,NA,4,12.6,NA
"415",40.68,-71.08,"03/11/2009",6,NA,4,13,NA
"416",40.68,-68.77,"08/08/2012",6,1.34,10,22.3,NA
"417",40.69,-72.61,"03/11/2009",6,NA,4,13.7,NA
"418",40.69,-72.61,"09/11/2009",3,0.4893,4,NA,NA
"419",40.69,-72.61,"09/11/2009",29,1.0949,4,NA,NA
"420",40.73,-72.15,"03/06/2011",6,10.3,9,16.3,NA
"421",40.75,-70.72,"12/11/2010",6,9.3,8,NA,NA
"422",40.84,-66.95,"17/11/2010",6,4.91,8,14.3,NA
"423",40.86,-70.4,"10/11/2009",3,0,4,NA,NA
"424",40.86,-70.4,"10/11/2009",38,0,4,NA,NA
"425",40.87,-72.15,"08/08/2012",6,1.03,10,19.3,NA
"426",40.87,-67.66,"08/08/2012",6,5.39,10,20,NA
"427",40.9,-71.82,"10/02/2010",0,0.6019,5,NA,NA
"428",40.9,-71.82,"14/02/2010",6,1.19,5,2.9,NA
"429",40.9,-67.97,"03/06/2011",6,4.1,9,11.4,NA
"430",40.9,-67.24,"03/11/2009",6,NA,4,15,NA
"431",40.95,-69.75,"17/11/2010",6,1.17,8,NA,NA
"432",40.98,-71.91,"14/06/2010",6,2.31,7,13.2,NA
"433",40.98,-69.5,"03/06/2011",6,1.02,9,10.4,NA
"434",40.98,-67.2,"17/08/2009",6,4.22,3,18,NA
"435",40.98,-67.2,"25/08/2009",3,3.5974,3,NA,NA
"436",40.98,-67.2,"25/08/2009",11,4.771,3,NA,NA
"437",40.98,-67.2,"25/08/2009",21,3.5094,3,NA,NA
"438",40.98,-66.84,"19/06/2010",6,NA,7,9.2,NA
"439",41,-71,"09/11/2009",3,0,4,NA,NA
"440",41,-71,"09/11/2009",32,0.6835,4,NA,NA
"441",41,-71,"09/11/2009",35,0,4,NA,NA
"442",41.02,-71.08,"03/11/2009",3,2.9269,4,NA,NA
"443",41.02,-71.08,"03/11/2009",6,NA,4,13.2,NA
"444",41.02,-71.08,"03/11/2009",24,2.1827,4,NA,NA
"445",41.02,-67.91,"03/06/2011",6,8.5,9,10.8,NA
"446",41.05,-68.12,"08/08/2012",6,3.52,10,16.4,NA
"447",41.06,-69.09,"15/11/2010",6,9.8,8,NA,NA
"448",41.06,-68.91,"16/11/2010",6,4.34,8,12.8,NA
"449",41.09,-71.04,"08/08/2012",6,27.9,10,21.8,NA
"450",41.1,-70.57,"27/05/2010",6,0.76,6,13.3,NA
"451",41.11,-71.11,"26/05/2010",6,NA,6,13.4,NA
"452",41.13,-66.83,"03/06/2011",6,4.14,9,10.7,NA
"453",41.16,-69.32,"17/08/2009",6,3.37,3,11.5,NA
"454",41.17,-67.62,"03/11/2009",6,0.53,4,13,NA
"455",41.17,-67.62,"12/11/2009",0,0.2762,4,NA,NA
"456",41.18,-69.31,"10/11/2009",2,0,4,NA,NA
"457",41.18,-69.31,"10/11/2009",25,0,4,NA,NA
"458",41.18,-67.76,"08/08/2012",6,2.05,10,17.7,NA
"459",41.22,-70.91,"03/06/2011",6,1.18,9,13.2,NA
"460",41.27,-69.51,"20/06/2010",6,NA,7,13,NA
"461",41.27,-67.82,"17/08/2009",6,11.1,3,17,NA
"462",41.27,-67.82,"25/08/2009",2,9.1742,3,NA,NA
"463",41.27,-67.82,"25/08/2009",17,10.5167,3,NA,NA
"464",41.31,-70.94,"17/08/2009",2,1.0256,3,NA,NA
"465",41.31,-70.94,"17/08/2009",5,0.966,3,NA,NA
"466",41.31,-70.94,"17/08/2009",6,0.64,3,21.1,NA
"467",41.31,-70.94,"17/08/2009",14,1.1236,3,NA,NA
"468",41.31,-70.94,"17/08/2009",30,0.5957,3,NA,NA
"469",41.31,-70.85,"02/02/2010",3,0.7928,5,NA,NA
"470",41.31,-70.85,"02/02/2010",6,1.18,5,2.4,NA
"471",41.31,-70.85,"02/02/2010",10,0.918,5,NA,NA
"472",41.4,-68.21,"17/08/2009",6,4.63,3,17.3,NA
"473",41.4,-68.21,"25/08/2009",3,6.14,3,NA,NA
"474",41.4,-68.21,"25/08/2009",18,4.0855,3,NA,NA
"475",41.43,-70.13,"03/11/2009",6,1.38,4,10.9,NA
"476",41.43,-70.13,"16/11/2009",2,0,4,NA,NA
"477",41.43,-70.13,"16/11/2009",8,0.9745,4,NA,NA
"478",41.51,-66.77,"03/11/2009",6,NA,4,10.8,NA
"479",41.51,-66.77,"17/11/2009",3,0.0985,4,NA,NA
"480",41.51,-66.77,"17/11/2009",35,1.1464,4,NA,NA
"481",41.52,-68.31,"03/06/2011",6,3.73,9,11.3,NA
"482",41.52,-66.2,"08/08/2012",6,13.5,10,20,NA
"483",41.53,-69.68,"21/06/2010",6,NA,7,13.5,NA
"484",41.56,-68.22,"08/08/2012",6,0.67,10,18.8,NA
"485",41.57,-67.68,"03/11/2009",6,0.89,4,12.4,NA
"486",41.57,-67.09,"03/06/2011",6,2.42,9,9.4,NA
"487",41.57,-66.96,"17/08/2009",6,2.47,3,14.1,NA
"488",41.57,-66.95,"26/08/2009",3,1.8343,3,NA,NA
"489",41.57,-66.95,"26/08/2009",15,0.77945,3,NA,NA
"490",41.64,-69.62,"12/02/2010",3,1.4234,5,NA,NA
"491",41.64,-69.62,"15/02/2010",6,2.11,5,5.3,NA
"492",41.65,-66.17,"17/11/2010",6,3.76,8,13.1,NA
"493",41.68,-65.78,"17/11/2010",6,7.45,8,11.4,NA
"494",41.69,-66.44,"17/08/2009",6,3.73,3,15.3,NA
"495",41.69,-66.44,"26/08/2009",3,3.6437,3,NA,NA
"496",41.69,-66.44,"26/08/2009",15,4.0202,3,NA,NA
"497",41.69,-66.09,"03/11/2009",6,0.42,4,11.1,NA
"498",41.69,-66.09,"17/11/2009",3,0.3501,4,NA,NA
"499",41.69,-66.09,"17/11/2009",24,0.2186,4,NA,NA
"500",41.73,-68.8,"17/11/2010",6,8.65,8,10.4,NA
"501",41.81,-68.87,"23/06/2010",6,1.04,7,13.6,NA
"502",41.81,-66.15,"14/02/2010",0,0.6599,5,NA,NA
"503",41.81,-66.15,"16/02/2010",6,1.39,5,6,NA
"504",41.88,-64.94,"01/08/2017",5,14.1254,12,NA,NA
"505",41.93,-67.61,"03/06/2011",6,1.31,9,11,NA
"506",41.96,-66.79,"08/08/2012",6,11.1,10,18.2,NA
"507",41.98,-65.93,"17/11/2010",6,3.57,8,10.5,NA
"508",42,-66.8,"17/08/2009",6,5.67,3,17.3,NA
"509",42,-66.8,"27/08/2009",2,6.5436,3,NA,NA
"510",42,-66.8,"27/08/2009",15,4.1307,3,NA,NA
"511",42.02,-67.68,"08/08/2012",6,6.28,10,20,NA
"512",42.05,-67.6,"17/08/2009",6,1.86,3,16.2,NA
"513",42.05,-66.31,"03/06/2011",6,0.97,9,12.1,NA
"514",42.06,-65.74,"17/08/2009",6,2.35,3,17,NA
"515",42.16,-68.87,"17/02/2010",6,0.09,5,5.9,NA
"516",42.18,-70.11,"18/02/2010",6,0.46,5,4.6,NA
"517",42.18,-70.1,"17/02/2010",5,0.733,5,NA,NA
"518",42.18,-70.1,"17/02/2010",45,0.6412,5,NA,NA
"519",42.18,-69.48,"22/06/2010",6,NA,7,13.4,NA
"520",42.18,-69.28,"17/08/2009",6,37.3,3,21,NA
"521",42.19,-66.63,"03/11/2009",6,0.52,4,12.3,NA
"522",42.19,-66.62,"18/11/2009",5,0.4504,4,NA,NA
"523",42.19,-66.62,"18/11/2009",35,0.7482,4,NA,NA
"524",42.19,-66.62,"18/11/2009",59,0,4,NA,NA
"525",42.23,-67.31,"03/11/2009",6,NA,4,12.8,NA
"526",42.23,-67.31,"18/11/2009",5,0.2507,4,NA,NA
"527",42.23,-67.31,"18/11/2009",24,0.1512,4,NA,NA
"528",42.23,-67.31,"18/11/2009",48,0.17,4,NA,NA
"529",42.23,-65.77,"08/08/2012",6,21,10,21,NA
"530",42.26,-67.83,"02/08/2017",5,13.8038,12,NA,NA
"531",42.28,-69.26,"03/11/2009",6,NA,4,10.6,NA
"532",42.28,-69.26,"19/11/2009",3,0.4134,4,NA,NA
"533",42.28,-69.26,"19/11/2009",32,0,4,NA,NA
"534",42.3,-70.28,"08/08/2012",6,9.67,10,18.1,NA
"535",42.33,-68.77,"08/08/2012",6,9.99,10,22.8,NA
"536",42.42,-70.85,"08/08/2012",6,2.19,10,18.8,NA
"537",42.42,-67.01,"03/11/2009",6,3.53,4,11,NA
"538",42.42,-67.01,"18/11/2009",2,2.2018,4,NA,NA
"539",42.42,-67.01,"18/11/2009",13,0.9374,4,NA,NA
"540",42.43,-66.99,"17/11/2010",6,13.6,8,10.5,NA
"541",42.48,-66.65,"17/08/2009",6,2.17,3,16.1,NA
"542",42.48,-66.65,"27/08/2009",2,1.6448,3,NA,NA
"543",42.48,-66.65,"27/08/2009",15,2.75445,3,NA,NA
"544",42.48,-66.65,"27/08/2009",20,0.8816,3,NA,NA
"545",42.49,-67.37,"08/08/2012",6,30.7,10,19.5,NA
"546",42.5,-69.67,"17/08/2009",6,16.5,3,22.1,NA
"547",42.5,-69.67,"28/08/2009",2,16.9441,3,NA,NA
"548",42.5,-69.67,"28/08/2009",23,2.6999,3,NA,NA
"549",42.5,-69.66,"17/11/2010",6,3.19,8,10,NA
"550",42.5,-67.6,"27/08/2009",2,1.7564,3,NA,NA
"551",42.5,-67.6,"27/08/2009",10,2.0631,3,NA,NA
"552",42.5,-67.6,"27/08/2009",26,1.0487,3,NA,NA
"553",42.54,-66.54,"17/11/2010",6,1.73,8,10.9,NA
"554",42.56,-68.45,"17/11/2010",6,3.15,8,NA,NA
"555",42.57,-65.74,"26/08/2009",3,2.6687,3,NA,NA
"556",42.57,-65.74,"26/08/2009",20,0.8506,3,NA,NA
"557",42.57,-65.74,"26/08/2009",38,0.652,3,NA,NA
"558",42.58,-70.05,"17/11/2010",6,NA,8,10,NA
"559",42.6,-69.32,"24/08/2009",2,4.3961,3,NA,NA
"560",42.6,-69.32,"24/08/2009",9,1.6946,3,NA,NA
"561",42.61,-67.11,"17/11/2010",6,3.12,8,11.1,NA
"562",42.69,-68.28,"08/08/2012",6,11.2,10,20.5,NA
"563",42.74,-69.58,"03/11/2009",6,NA,4,10.4,NA
"564",42.74,-67.12,"01/08/2017",5,23.4423,12,NA,NA
"565",42.85,-67.77,"17/11/2010",6,13.3,8,10.8,NA
"566",42.91,-70.55,"17/11/2010",6,3.16,8,9.6,NA
"567",43,-70.42,"08/08/2012",6,2.31,10,20.7,NA
"568",43.03,-67.71,"08/08/2012",6,3.26,10,16.4,NA
"569",43.03,-66.34,"08/08/2012",6,2.52,10,18,NA
"570",43.06,-68.37,"08/08/2012",6,8.63,10,21.3,NA
"571",43.11,-68.35,"17/11/2010",6,7.86,8,NA,NA
"572",43.16,-69.85,"08/08/2012",6,4.84,10,21.8,NA
"573",43.18,-69.32,"03/06/2011",6,NA,9,11.9,NA
"574",43.22,-68.37,"03/06/2011",6,1.29,9,10.8,NA
"575",43.4,-67.69,"08/08/2012",6,3.27,10,19.9,NA
"576",43.4,-67.08,"08/08/2012",6,5.35,10,18.2,NA
"577",43.49,-67.65,"03/06/2011",6,0.67,9,8.5,NA
"578",43.58,-69.31,"08/08/2012",6,34.2,10,17.5,NA
"579",43.8,-67.25,"08/08/2012",6,6.3,10,19.9,NA
"580",43.86,-66.61,"03/06/2011",6,0.32,9,7.5,NA
"581",44.11,-67.75,"17/11/2010",6,11.1,8,NA,NA
"582",44.74,-69.58,"19/11/2009",3,2.2647,4,NA,NA
"583",44.74,-69.58,"19/11/2009",24,1.0499,4,NA,NA
